total_spent_usd,,Sample size:,50,,bootstrap_sample,boot_mean,boot_median,,iteration,boot_mean,boot_median,,,
351.9,,Sample mean:,241.7104,,258.19,219.4024,217.32,,1,219.4024,217.32,,,
226.64,,Sample median:,236.925,,301.93,,,,2,250.286,249.41,,Mean CI lowe (2.5%),222.20464
37.59,,,,,248.52,,,,3,236.723,248.52,,Mean CI upper (97.5%),261.38844
277.64,,,,,361.39,,,,4,239.9928,219.85,,Median CI lower (2.5%),217.61
218.36,,,,,226.87,,,,5,230.8388,220.76,,Median CI upper(97.5%),262.695
226.87,,,,,218.36,,,,6,228.2494,218.94,,,
286.23,,,,,197.27,,,,7,236.3946,225.02,,,
236.72,,,,,164.2,,,,8,240.016,236.72,,,
267.2,,,,,226.64,,,,9,240.6226,236.72,,,
88.21,,,,,158.02,,,,10,239.1562,233,,,
174.56,,,,,323.85,,,,11,251.1654,242.62,,,
362.32,,,,,267.2,,,,12,234.6662,243.27,,,
248.52,,,,,250.73,,,,13,237.5128,233,,,
116.12,,,,,237.13,,,,14,237.819,236.72,,,
164.2,,,,,250.31,,,,15,246.2292,242.825,,,
170.59,,,,,204.02,,,,16,238.623,249.41,,,
258.19,,,,,88.21,,,,17,237.0714,243.725,,,
215.39,,,,,277.64,,,,18,255.2918,242.825,,,
197.27,,,,,152.17,,,,19,252.1296,250.52,,,
250.31,,,,,277.19,,,,20,247.4332,243.27,,,
288.22,,,,,179.55,,,,21,242.0184,218.94,,,
229.28,,,,,88.21,,,,22,258.0498,250.52,,,
204.02,,,,,185.85,,,,23,244.2776,236.72,,,
216.28,,,,,210.53,,,,24,242.9562,249.41,,,
277.19,,,,,286.23,,,,25,234.8814,243.72,,,
249.41,,,,,179.55,,,,26,245.537,250.52,,,
311.38,,,,,323.85,,,,27,224.149,227.96,,,
158.02,,,,,292.91,,,,28,232.0516,222.79,,,
187.97,,,,,152.17,,,,29,235.565,228.075,,,
311.85,,,,,218.36,,,,30,245.4222,249.86,,,
185.85,,,,,216.28,,,,31,247.6074,233,,,
360.72,,,,,185.85,,,,32,244.1666,258.19,,,
362.42,,,,,216.28,,,,33,211.0086,218.65,,,
361.39,,,,,250.31,,,,34,241.9698,229.28,,,
179.55,,,,,256.15,,,,35,241.4346,236.72,,,
256.15,,,,,360.72,,,,36,239.1348,242.62,,,
210.53,,,,,170.59,,,,37,255.9322,250.31,,,
323.85,,,,,170.59,,,,38,225.46,220.76,,,
386.53,,,,,197.27,,,,39,231.1492,233,,,
319.89,,,,,116.12,,,,40,238.7404,233.205,,,
250.73,,,,,323.85,,,,41,260.469,263.75,,,
220.76,,,,,185.85,,,,42,246.1212,236.925,,,
301.93,,,,,88.21,,,,43,225.374,217.32,,,
152.17,,,,,152.17,,,,44,222.0098,219.85,,,
292.91,,,,,185.85,,,,45,243.3604,237.13,,,
176.82,,,,,277.19,,,,46,250.0076,249.86,,,
299.64,,,,,250.31,,,,47,236.916,242.825,,,
237.13,,,,,152.17,,,,48,235.9956,229.28,,,
218.94,,,,,170.59,,,,49,221.4416,216.28,,,
179.16,,,,,236.72,,,,50,238.082,233,,,
,,,,,,,,,51,262.6982,262.695,,,
,,,,,,,,,52,261.5384,253.44,,,
,,,,,,,,,53,233.8094,223.7,,,
,,,,,,,,,54,233.7572,233,,,
,,,,,,,,,55,241.7932,242.825,,,
,,,,,,,,,56,241.387,236.72,,,
,,,,,,,,,57,249.0898,249.86,,,
,,,,,,,,,58,238.1128,219.85,,,
,,,,,,,,,59,239.5528,242.62,,,
,,,,,,,,,60,246.4672,250.31,,,
,,,,,,,,,61,252.0102,249.41,,,
,,,,,,,,,62,252.6546,248.52,,,
,,,,,,,,,63,230.3062,228.075,,,
,,,,,,,,,64,230.9526,233.205,,,
,,,,,,,,,65,224.7272,215.835,,,
,,,,,,,,,66,231.77,219.85,,,
,,,,,,,,,67,238.5134,236.925,,,
,,,,,,,,,68,237.6592,236.72,,,
,,,,,,,,,69,231.415,226.64,,,
,,,,,,,,,70,232.8784,226.87,,,
,,,,,,,,,71,235.336,236.925,,,
,,,,,,,,,72,239.5496,226.755,,,
,,,,,,,,,73,232.1964,227.96,,,
,,,,,,,,,74,242.0024,231.795,,,
,,,,,,,,,75,259.0398,253.44,,,
,,,,,,,,,76,231.324,228.075,,,
,,,,,,,,,77,245.3892,226.87,,,
,,,,,,,,,78,251.7758,250.31,,,
,,,,,,,,,79,241.7348,226.87,,,
,,,,,,,,,80,239.642,228.075,,,
,,,,,,,,,81,242.3136,249.86,,,
,,,,,,,,,82,243.0934,237.13,,,
,,,,,,,,,83,240.7768,237.13,,,
,,,,,,,,,84,245.4838,250.07,,,
,,,,,,,,,85,238.85,232,,,
,,,,,,,,,86,229.7344,220.76,,,
,,,,,,,,,87,244.4484,253.44,,,
,,,,,,,,,88,238.765,228.075,,,
,,,,,,,,,89,238.587,229.28,,,
,,,,,,,,,90,239.7816,226.64,,,
,,,,,,,,,91,248.865,249.41,,,
,,,,,,,,,92,246.9846,243.515,,,
,,,,,,,,,93,247.9848,243.27,,,
,,,,,,,,,94,251.0614,250.52,,,
,,,,,,,,,95,236.2792,223.7,,,
,,,,,,,,,96,236.5286,226.755,,,
,,,,,,,,,97,239.5714,226.87,,,
,,,,,,,,,98,247.3372,228.075,,,
,,,,,,,,,99,225.9754,226.64,,,
,,,,,,,,,100,245.4074,250.31,,,
,,,,,,,,,101,239.1878,249.86,,,
,,,,,,,,,102,237.223,248.52,,,
,,,,,,,,,103,250.1736,242.825,,,
,,,,,,,,,104,256.3454,250.31,,,
,,,,,,,,,105,233.4578,238.9,,,
,,,,,,,,,106,261.3936,250.73,,,
,,,,,,,,,107,241.3096,236.72,,,
,,,,,,,,,108,252.2922,249.41,,,
,,,,,,,,,109,240.602,226.87,,,
,,,,,,,,,110,230.6484,226.64,,,
,,,,,,,,,111,244.4534,222.79,,,
,,,,,,,,,112,237.4286,242.825,,,
,,,,,,,,,113,238.3188,233,,,
,,,,,,,,,114,239.0522,223.7,,,
,,,,,,,,,115,244.859,236.72,,,
,,,,,,,,,116,242.488,250.52,,,
,,,,,,,,,117,237.6016,217.61,,,
,,,,,,,,,118,233.1056,219.85,,,
,,,,,,,,,119,241.2968,223.7,,,
,,,,,,,,,120,237.8154,226.755,,,
,,,,,,,,,121,231.8164,229.28,,,
,,,,,,,,,122,251.9532,242.825,,,
,,,,,,,,,123,263.1818,250.73,,,
,,,,,,,,,124,249.2822,263.75,,,
,,,,,,,,,125,248.8684,236.925,,,
,,,,,,,,,126,251.8062,250.07,,,
,,,,,,,,,127,235.3514,220.76,,,
,,,,,,,,,128,253.9908,256.15,,,
,,,,,,,,,129,236.9284,236.925,,,
,,,,,,,,,130,259.006,248.965,,,
,,,,,,,,,131,243.5572,248.52,,,
,,,,,,,,,132,220.7214,217.32,,,
,,,,,,,,,133,240.173,242.825,,,
,,,,,,,,,134,245.9116,233,,,
,,,,,,,,,135,243.478,250.07,,,
,,,,,,,,,136,238.5842,231.795,,,
,,,,,,,,,137,230.814,218.65,,,
,,,,,,,,,138,245.7528,248.965,,,
,,,,,,,,,139,244.1402,236.925,,,
,,,,,,,,,140,220.5578,236.72,,,
,,,,,,,,,141,231.2486,226.755,,,
,,,,,,,,,142,225.2012,226.755,,,
,,,,,,,,,143,254.1486,250.07,,,
,,,,,,,,,144,259.3864,253.44,,,
,,,,,,,,,145,246.9232,226.755,,,
,,,,,,,,,146,236.2798,237.13,,,
,,,,,,,,,147,238.5954,236.925,,,
,,,,,,,,,148,231.0064,243.065,,,
,,,,,,,,,149,240.2704,228.075,,,
,,,,,,,,,150,224.3626,221.015,,,
,,,,,,,,,151,238.346,249.41,,,
,,,,,,,,,152,233.6384,233.205,,,
,,,,,,,,,153,227.5738,226.755,,,
,,,,,,,,,154,250.1592,248.965,,,
,,,,,,,,,155,224.0226,226.64,,,
,,,,,,,,,156,237.5626,226.755,,,
,,,,,,,,,157,255.5724,250.73,,,
,,,,,,,,,158,251.3166,250.73,,,
,,,,,,,,,159,231.8438,216.28,,,
,,,,,,,,,160,250.4518,249.41,,,
,,,,,,,,,161,244.2698,233,,,
,,,,,,,,,162,238.0934,243.065,,,
,,,,,,,,,163,232.8412,218.94,,,
,,,,,,,,,164,247.8578,223.815,,,
,,,,,,,,,165,253.0878,249.41,,,
,,,,,,,,,166,253.3214,250.73,,,
,,,,,,,,,167,250.5422,243.27,,,
,,,,,,,,,168,243.3596,237.13,,,
,,,,,,,,,169,256.0482,236.72,,,
,,,,,,,,,170,240.886,243.27,,,
,,,,,,,,,171,235.3864,236.72,,,
,,,,,,,,,172,229.4832,226.755,,,
,,,,,,,,,173,250.518,243.72,,,
,,,,,,,,,174,255.5218,236.925,,,
,,,,,,,,,175,234.5312,236.72,,,
,,,,,,,,,176,234.1586,242.825,,,
,,,,,,,,,177,240.859,226.755,,,
,,,,,,,,,178,223.7694,219.85,,,
,,,,,,,,,179,238.0978,227.96,,,
,,,,,,,,,180,234.6248,249.86,,,
,,,,,,,,,181,241.7398,231.795,,,
,,,,,,,,,182,251.7292,250.31,,,
,,,,,,,,,183,239.5864,219.85,,,
,,,,,,,,,184,247.7888,250.73,,,
,,,,,,,,,185,272.222,267.2,,,
,,,,,,,,,186,245.502,249.41,,,
,,,,,,,,,187,251.484,242.825,,,
,,,,,,,,,188,258.3664,236.72,,,
,,,,,,,,,189,254.9632,250.73,,,
,,,,,,,,,190,242.885,217.61,,,
,,,,,,,,,191,226.9518,219.56,,,
,,,,,,,,,192,236.146,236.925,,,
,,,,,,,,,193,242.6564,226.87,,,
,,,,,,,,,194,236.7262,229.28,,,
,,,,,,,,,195,237.9462,237.13,,,
,,,,,,,,,196,231.3356,226.755,,,
,,,,,,,,,197,242.0592,233,,,
,,,,,,,,,198,242.479,231.795,,,
,,,,,,,,,199,259.6626,253.23,,,
,,,,,,,,,200,253.2246,248.965,,,
,,,,,,,,,201,237.4572,236.72,,,
,,,,,,,,,202,245.0892,248.965,,,
,,,,,,,,,203,224.0108,220.76,,,
,,,,,,,,,204,253.285,250.73,,,
,,,,,,,,,205,227.715,215.835,,,
,,,,,,,,,206,242.0034,237.13,,,
,,,,,,,,,207,225.6384,225.02,,,
,,,,,,,,,208,249.5682,253.44,,,
,,,,,,,,,209,257.3966,250.73,,,
,,,,,,,,,210,252.756,250.73,,,
,,,,,,,,,211,240.1806,242.62,,,
,,,,,,,,,212,235.109,233,,,
,,,,,,,,,213,235.2426,249.415,,,
,,,,,,,,,214,251.7972,248.965,,,
,,,,,,,,,215,248.573,249.86,,,
,,,,,,,,,216,219.3474,218.36,,,
,,,,,,,,,217,230.9042,226.755,,,
,,,,,,,,,218,250.6576,250.31,,,
,,,,,,,,,219,232.3278,226.755,,,
,,,,,,,,,220,233.277,222.5,,,
,,,,,,,,,221,245.095,226.755,,,
,,,,,,,,,222,241.7608,228.075,,,
,,,,,,,,,223,242.7304,249.41,,,
,,,,,,,,,224,252.0068,243.27,,,
,,,,,,,,,225,241.2612,248.965,,,
,,,,,,,,,226,245.106,236.72,,,
,,,,,,,,,227,251.7722,253.44,,,
,,,,,,,,,228,250.7942,236.72,,,
,,,,,,,,,229,247.5144,249.86,,,
,,,,,,,,,230,247.32,242.825,,,
,,,,,,,,,231,225.465,223.7,,,
,,,,,,,,,232,243.2738,231.795,,,
,,,,,,,,,233,250.396,248.965,,,
,,,,,,,,,234,246.4864,242.825,,,
,,,,,,,,,235,259.2742,249.86,,,
,,,,,,,,,236,234.4866,223.7,,,
,,,,,,,,,237,240.941,249.625,,,
,,,,,,,,,238,233.9944,228.075,,,
,,,,,,,,,239,257.5604,272.195,,,
,,,,,,,,,240,249.6012,256.15,,,
,,,,,,,,,241,239.849,222.79,,,
,,,,,,,,,242,238.316,226.64,,,
,,,,,,,,,243,228.0326,222.79,,,
,,,,,,,,,244,249.2634,250.73,,,
,,,,,,,,,245,252.1248,250.52,,,
,,,,,,,,,246,258.3458,250.73,,,
,,,,,,,,,247,234.6886,243.72,,,
,,,,,,,,,248,239.4858,229.28,,,
,,,,,,,,,249,231.308,232,,,
,,,,,,,,,250,267.096,253.44,,,
,,,,,,,,,251,238.1556,228.075,,,
,,,,,,,,,252,239.3608,248.965,,,
,,,,,,,,,253,239.0216,219.56,,,
,,,,,,,,,254,254.7416,256.15,,,
,,,,,,,,,255,239.2122,227.96,,,
,,,,,,,,,256,237.5392,237.13,,,
,,,,,,,,,257,250.0972,257.17,,,
,,,,,,,,,258,272.175,277.415,,,
,,,,,,,,,259,234.1104,218.94,,,
,,,,,,,,,260,234.5084,222.79,,,
,,,,,,,,,261,241.7216,223.815,,,
,,,,,,,,,262,231.8616,236.925,,,
,,,,,,,,,263,240.736,220.76,,,
,,,,,,,,,264,250.0376,250.31,,,
,,,,,,,,,265,235.7208,226.64,,,
,,,,,,,,,266,240.7208,233,,,
,,,,,,,,,267,233.2434,229.28,,,
,,,,,,,,,268,242.3924,228.075,,,
,,,,,,,,,269,234.925,227.96,,,
,,,,,,,,,270,252.6116,236.925,,,
,,,,,,,,,271,234.4128,223.7,,,
,,,,,,,,,272,239.1078,236.925,,,
,,,,,,,,,273,249.3614,253.44,,,
,,,,,,,,,274,220.9014,233.205,,,
,,,,,,,,,275,247.551,248.52,,,
,,,,,,,,,276,228.7068,221.13,,,
,,,,,,,,,277,225.543,217.32,,,
,,,,,,,,,278,233.3794,236.72,,,
,,,,,,,,,279,222.027,218.94,,,
,,,,,,,,,280,229.1776,219.85,,,
,,,,,,,,,281,254.6292,262.695,,,
,,,,,,,,,282,253.8726,250.73,,,
,,,,,,,,,283,251.089,248.965,,,
,,,,,,,,,284,242.1506,237.13,,,
,,,,,,,,,285,230.8388,217.32,,,
,,,,,,,,,286,253.6722,249.86,,,
,,,,,,,,,287,244.8654,256.15,,,
,,,,,,,,,288,240.454,236.72,,,
,,,,,,,,,289,230.7672,229.28,,,
,,,,,,,,,290,232.1542,226.87,,,
,,,,,,,,,291,243.867,248.52,,,
,,,,,,,,,292,245.1944,249.41,,,
,,,,,,,,,293,239.723,229.28,,,
,,,,,,,,,294,241.617,226.755,,,
,,,,,,,,,295,253.4226,256.15,,,
,,,,,,,,,296,230.3762,217.32,,,
,,,,,,,,,297,251.4224,243.93,,,
,,,,,,,,,298,262.2184,249.86,,,
,,,,,,,,,299,231.037,220.76,,,
,,,,,,,,,300,241.8144,248.52,,,
,,,,,,,,,301,266.197,249.86,,,
,,,,,,,,,302,230.8218,236.72,,,
,,,,,,,,,303,224.0016,218.36,,,
,,,,,,,,,304,246.7742,233.205,,,
,,,,,,,,,305,241.1654,220.76,,,
,,,,,,,,,306,242.6114,242.825,,,
,,,,,,,,,307,244.8334,226.87,,,
,,,,,,,,,308,237.7096,218.65,,,
,,,,,,,,,309,246.9804,243.27,,,
,,,,,,,,,310,240.5322,248.965,,,
,,,,,,,,,311,255.92,250.31,,,
,,,,,,,,,312,238.951,237.695,,,
,,,,,,,,,313,251.374,249.41,,,
,,,,,,,,,314,233.874,226.87,,,
,,,,,,,,,315,221.3388,226.87,,,
,,,,,,,,,316,237.3626,228.075,,,
,,,,,,,,,317,229.2832,219.85,,,
,,,,,,,,,318,241.0416,238.9,,,
,,,,,,,,,319,234.2362,236.72,,,
,,,,,,,,,320,242.2496,228.075,,,
,,,,,,,,,321,218.3078,218.65,,,
,,,,,,,,,322,234.2166,216.28,,,
,,,,,,,,,323,244.8648,236.925,,,
,,,,,,,,,324,241.109,246.435,,,
,,,,,,,,,325,242.7784,225.02,,,
,,,,,,,,,326,242.1486,229.28,,,
,,,,,,,,,327,238.5062,228.075,,,
,,,,,,,,,328,222.9364,204.02,,,
,,,,,,,,,329,251.0626,258.965,,,
,,,,,,,,,330,241.6686,231.795,,,
,,,,,,,,,331,243.055,236.72,,,
,,,,,,,,,332,241.9324,228.075,,,
,,,,,,,,,333,250.5048,249.415,,,
,,,,,,,,,334,252.6374,249.415,,,
,,,,,,,,,335,236.7058,231.795,,,
,,,,,,,,,336,236.1578,236.925,,,
,,,,,,,,,337,259.82,262.695,,,
,,,,,,,,,338,243.1912,248.965,,,
,,,,,,,,,339,238.6446,226.755,,,
,,,,,,,,,340,247.3978,249.86,,,
,,,,,,,,,341,237.4268,233,,,
,,,,,,,,,342,237.304,225.02,,,
,,,,,,,,,343,242.1254,233,,,
,,,,,,,,,344,245.4906,257.17,,,
,,,,,,,,,345,243.5402,237.13,,,
,,,,,,,,,346,261.1182,254.25,,,
,,,,,,,,,347,223.2708,223.815,,,
,,,,,,,,,348,253.7142,253.44,,,
,,,,,,,,,349,256.0538,249.86,,,
,,,,,,,,,350,244.5822,248.965,,,
,,,,,,,,,351,255.3554,238.14,,,
,,,,,,,,,352,240.9318,227.96,,,
,,,,,,,,,353,252.0494,254.25,,,
,,,,,,,,,354,228.448,229.28,,,
,,,,,,,,,355,245.0694,233,,,
,,,,,,,,,356,241.5076,236.925,,,
,,,,,,,,,357,240.523,233,,,
,,,,,,,,,358,233.641,226.755,,,
,,,,,,,,,359,243.4404,249.41,,,
,,,,,,,,,360,235.0696,233.205,,,
,,,,,,,,,361,228.3702,219.85,,,
,,,,,,,,,362,253.6494,249.625,,,
,,,,,,,,,363,268.2654,277.64,,,
,,,,,,,,,364,228.9746,226.755,,,
,,,,,,,,,365,245.3742,250.07,,,
,,,,,,,,,366,256.3776,253.44,,,
,,,,,,,,,367,230.7908,218.36,,,
,,,,,,,,,368,238.1246,248.52,,,
,,,,,,,,,369,243.1082,233,,,
,,,,,,,,,370,227.5606,218.36,,,
,,,,,,,,,371,243.2482,250.52,,,
,,,,,,,,,372,250.3752,250.73,,,
,,,,,,,,,373,230.4756,226.755,,,
,,,,,,,,,374,244.2348,250.31,,,
,,,,,,,,,375,237.176,248.52,,,
,,,,,,,,,376,252.5082,249.41,,,
,,,,,,,,,377,236.247,219.85,,,
,,,,,,,,,378,233.21,219.85,,,
,,,,,,,,,379,260.9652,253.44,,,
,,,,,,,,,380,248.6296,249.415,,,
,,,,,,,,,381,234.1858,220.76,,,
,,,,,,,,,382,230.2716,222.79,,,
,,,,,,,,,383,255.3322,249.41,,,
,,,,,,,,,384,250.7748,249.86,,,
,,,,,,,,,385,254.1834,248.965,,,
,,,,,,,,,386,238.8648,229.28,,,
,,,,,,,,,387,236.1736,236.72,,,
,,,,,,,,,388,243.713,233,,,
,,,,,,,,,389,226.8688,218.36,,,
,,,,,,,,,390,235.2062,233,,,
,,,,,,,,,391,245.854,236.925,,,
,,,,,,,,,392,236.5002,236.925,,,
,,,,,,,,,393,245.5766,256.15,,,
,,,,,,,,,394,242.3598,239.345,,,
,,,,,,,,,395,238.4374,233,,,
,,,,,,,,,396,229.6532,218.94,,,
,,,,,,,,,397,231.4942,218.94,,,
,,,,,,,,,398,243.523,242.62,,,
,,,,,,,,,399,254.2334,253.44,,,
,,,,,,,,,400,243.3898,237.13,,,
,,,,,,,,,401,246.9724,237.13,,,
,,,,,,,,,402,243.4708,237.13,,,
,,,,,,,,,403,245.1906,238.9,,,
,,,,,,,,,404,239.9162,223.7,,,
,,,,,,,,,405,252.9002,249.86,,,
,,,,,,,,,406,247.3796,233,,,
,,,,,,,,,407,241.935,249.415,,,
,,,,,,,,,408,239.409,232,,,
,,,,,,,,,409,257.6994,253.44,,,
,,,,,,,,,410,238.2934,226.64,,,
,,,,,,,,,411,261.082,262.695,,,
,,,,,,,,,412,239.9478,242.62,,,
,,,,,,,,,413,230.6678,237.13,,,
,,,,,,,,,414,232.01,236.72,,,
,,,,,,,,,415,256.122,250.31,,,
,,,,,,,,,416,236.4934,226.755,,,
,,,,,,,,,417,230.387,231.795,,,
,,,,,,,,,418,257.931,250.07,,,
,,,,,,,,,419,241.738,226.755,,,
,,,,,,,,,420,246.097,248.52,,,
,,,,,,,,,421,246.4884,249.86,,,
,,,,,,,,,422,255.2952,249.86,,,
,,,,,,,,,423,253.1862,250.31,,,
,,,,,,,,,424,231.6332,220.76,,,
,,,,,,,,,425,267.4222,267.69,,,
,,,,,,,,,426,239.1406,233,,,
,,,,,,,,,427,242.9376,226.755,,,
,,,,,,,,,428,233.9124,226.64,,,
,,,,,,,,,429,239.2452,226.755,,,
,,,,,,,,,430,248.7118,236.925,,,
,,,,,,,,,431,257.5064,250.73,,,
,,,,,,,,,432,260.235,267.2,,,
,,,,,,,,,433,251.884,249.625,,,
,,,,,,,,,434,242.6738,226.64,,,
,,,,,,,,,435,231.1548,236.925,,,
,,,,,,,,,436,238.144,248.965,,,
,,,,,,,,,437,227.9296,223.815,,,
,,,,,,,,,438,236.899,228.075,,,
,,,,,,,,,439,256.393,237.13,,,
,,,,,,,,,440,222.7718,218.94,,,
,,,,,,,,,441,244.6098,248.52,,,
,,,,,,,,,442,242.6468,249.41,,,
,,,,,,,,,443,234.5456,219.85,,,
,,,,,,,,,444,252.915,253.44,,,
,,,,,,,,,445,261.2204,267.69,,,
,,,,,,,,,446,245.804,236.925,,,
,,,,,,,,,447,248.3524,242.62,,,
,,,,,,,,,448,235.7492,229.28,,,
,,,,,,,,,449,227.2488,222.79,,,
,,,,,,,,,450,250.2602,248.52,,,
,,,,,,,,,451,226.6764,217.61,,,
,,,,,,,,,452,244.7634,248.965,,,
,,,,,,,,,453,237.8112,228.075,,,
,,,,,,,,,454,257.8222,253.23,,,
,,,,,,,,,455,254.2602,248.965,,,
,,,,,,,,,456,229.2938,222.905,,,
,,,,,,,,,457,241.0662,239.345,,,
,,,,,,,,,458,246.1002,249.415,,,
,,,,,,,,,459,254.3352,249.415,,,
,,,,,,,,,460,245.7662,248.965,,,
,,,,,,,,,461,239.7748,233,,,
,,,,,,,,,462,250.4602,248.52,,,
,,,,,,,,,463,268.141,267.69,,,
,,,,,,,,,464,232.7584,243.27,,,
,,,,,,,,,465,250.2604,249.415,,,
,,,,,,,,,466,234.7264,236.925,,,
,,,,,,,,,467,232.8852,220.76,,,
,,,,,,,,,468,248.027,239.345,,,
,,,,,,,,,469,245.1246,237.13,,,
,,,,,,,,,470,250.9098,254.46,,,
,,,,,,,,,471,229.1658,226.64,,,
,,,,,,,,,472,254.6802,248.52,,,
,,,,,,,,,473,245.2056,233,,,
,,,,,,,,,474,250.1882,249.415,,,
,,,,,,,,,475,222.9222,219.56,,,
,,,,,,,,,476,247.6986,236.72,,,
,,,,,,,,,477,248.9912,227.96,,,
,,,,,,,,,478,243.927,236.925,,,
,,,,,,,,,479,240.008,250.52,,,
,,,,,,,,,480,216.7608,216.875,,,
,,,,,,,,,481,236.5528,229.28,,,
,,,,,,,,,482,250.2496,250.31,,,
,,,,,,,,,483,246.8076,250.52,,,
,,,,,,,,,484,229.6146,226.64,,,
,,,,,,,,,485,237.274,223.7,,,
,,,,,,,,,486,237.2878,236.72,,,
,,,,,,,,,487,232.18,226.755,,,
,,,,,,,,,488,241.5158,242.825,,,
,,,,,,,,,489,249.0708,242.62,,,
,,,,,,,,,490,225.5502,219.85,,,
,,,,,,,,,491,240.0514,237.13,,,
,,,,,,,,,492,240.2816,248.52,,,
,,,,,,,,,493,244.4984,250.31,,,
,,,,,,,,,494,238.4656,233,,,
,,,,,,,,,495,246.0574,243.93,,,
,,,,,,,,,496,224.2518,217.32,,,
,,,,,,,,,497,238.1248,226.64,,,
,,,,,,,,,498,224.7156,225.02,,,
,,,,,,,,,499,240.4824,226.87,,,
,,,,,,,,,500,236.8198,233,,,
,,,,,,,,,501,239.5928,237.13,,,
,,,,,,,,,502,243.7862,233,,,
,,,,,,,,,503,232.7718,226.87,,,
,,,,,,,,,504,240.8074,218.94,,,
,,,,,,,,,505,235.626,219.85,,,
,,,,,,,,,506,230.3296,226.64,,,
,,,,,,,,,507,248.2374,236.72,,,
,,,,,,,,,508,237.8178,228.075,,,
,,,,,,,,,509,241.227,236.925,,,
,,,,,,,,,510,237.4386,226.87,,,
,,,,,,,,,511,248.5746,236.72,,,
,,,,,,,,,512,253.6538,248.965,,,
,,,,,,,,,513,234.0804,237.13,,,
,,,,,,,,,514,249.0996,243.27,,,
,,,,,,,,,515,248.9628,237.13,,,
,,,,,,,,,516,247.2868,257.17,,,
,,,,,,,,,517,235.6458,228.075,,,
,,,,,,,,,518,250.5464,277.19,,,
,,,,,,,,,519,220.6308,215.39,,,
,,,,,,,,,520,219.5806,226.87,,,
,,,,,,,,,521,268.9466,272.42,,,
,,,,,,,,,522,236.8844,229.28,,,
,,,,,,,,,523,250.671,256.15,,,
,,,,,,,,,524,248.3782,236.925,,,
,,,,,,,,,525,221.9592,218.65,,,
,,,,,,,,,526,248.0266,236.925,,,
,,,,,,,,,527,238.4324,242.825,,,
,,,,,,,,,528,240.745,223.7,,,
,,,,,,,,,529,245.804,248.965,,,
,,,,,,,,,530,234.8652,237.13,,,
,,,,,,,,,531,210.8822,215.835,,,
,,,,,,,,,532,241.914,248.52,,,
,,,,,,,,,533,244.002,248.965,,,
,,,,,,,,,534,234.4178,236.925,,,
,,,,,,,,,535,243.1894,243.27,,,
,,,,,,,,,536,253.6158,242.825,,,
,,,,,,,,,537,236.7316,237.13,,,
,,,,,,,,,538,240.7782,250.73,,,
,,,,,,,,,539,240.3404,223.7,,,
,,,,,,,,,540,252.5674,250.31,,,
,,,,,,,,,541,226.8278,226.64,,,
,,,,,,,,,542,237.0982,223.7,,,
,,,,,,,,,543,237.7088,237.13,,,
,,,,,,,,,544,259.7374,277.415,,,
,,,,,,,,,545,256.4984,253.44,,,
,,,,,,,,,546,246.0982,233,,,
,,,,,,,,,547,257.098,243.27,,,
,,,,,,,,,548,237.6874,227.96,,,
,,,,,,,,,549,254.4324,249.625,,,
,,,,,,,,,550,244.8216,237.13,,,
,,,,,,,,,551,244.6406,248.965,,,
,,,,,,,,,552,244.6098,242.62,,,
,,,,,,,,,553,217.7894,217.32,,,
,,,,,,,,,554,247.9342,249.415,,,
,,,,,,,,,555,246.9584,249.625,,,
,,,,,,,,,556,250.5692,248.52,,,
,,,,,,,,,557,231.3216,237.13,,,
,,,,,,,,,558,250.659,236.72,,,
,,,,,,,,,559,220.0972,220.76,,,
,,,,,,,,,560,252.997,249.41,,,
,,,,,,,,,561,266.1456,277.415,,,
,,,,,,,,,562,248.4028,242.825,,,
,,,,,,,,,563,236.1446,218.94,,,
,,,,,,,,,564,251.4882,236.925,,,
,,,,,,,,,565,229.8496,219.85,,,
,,,,,,,,,566,235.4754,226.64,,,
,,,,,,,,,567,239.714,236.72,,,
,,,,,,,,,568,247.0232,250.52,,,
,,,,,,,,,569,254.3534,250.31,,,
,,,,,,,,,570,246.1074,227.96,,,
,,,,,,,,,571,238.3742,233,,,
,,,,,,,,,572,240.4594,236.925,,,
,,,,,,,,,573,234.8132,226.755,,,
,,,,,,,,,574,251.3314,250.52,,,
,,,,,,,,,575,250.8638,250.52,,,
,,,,,,,,,576,248.1966,233,,,
,,,,,,,,,577,249.5176,243.065,,,
,,,,,,,,,578,231.8912,219.85,,,
,,,,,,,,,579,247.3328,249.625,,,
,,,,,,,,,580,242.7968,236.925,,,
,,,,,,,,,581,233.0842,226.87,,,
,,,,,,,,,582,233.92,231.795,,,
,,,,,,,,,583,239.4102,236.72,,,
,,,,,,,,,584,250.6912,249.86,,,
,,,,,,,,,585,234.9966,237.13,,,
,,,,,,,,,586,223.5746,228.075,,,
,,,,,,,,,587,228.7428,222.5,,,
,,,,,,,,,588,221.5918,217.32,,,
,,,,,,,,,589,232.0802,237.13,,,
,,,,,,,,,590,245.022,249.86,,,
,,,,,,,,,591,252.0398,248.965,,,
,,,,,,,,,592,234.3226,236.925,,,
,,,,,,,,,593,245.6506,237.13,,,
,,,,,,,,,594,240.6248,248.52,,,
,,,,,,,,,595,245.3846,248.52,,,
,,,,,,,,,596,234.601,242.62,,,
,,,,,,,,,597,232.3638,220.76,,,
,,,,,,,,,598,244.9802,237.13,,,
,,,,,,,,,599,245.3754,243.065,,,
,,,,,,,,,600,232.4108,219.56,,,
,,,,,,,,,601,231.0094,226.755,,,
,,,,,,,,,602,235.5008,227.96,,,
,,,,,,,,,603,248.0038,250.73,,,
,,,,,,,,,604,223.9464,226.87,,,
,,,,,,,,,605,237.0368,231.795,,,
,,,,,,,,,606,229.597,223.7,,,
,,,,,,,,,607,235.6968,236.925,,,
,,,,,,,,,608,229.8412,226.755,,,
,,,,,,,,,609,220.784,219.85,,,
,,,,,,,,,610,245.8958,243.72,,,
,,,,,,,,,611,246.2278,231.795,,,
,,,,,,,,,612,222.9552,223.7,,,
,,,,,,,,,613,233.0226,223.7,,,
,,,,,,,,,614,263.7592,250.31,,,
,,,,,,,,,615,237.7376,226.755,,,
,,,,,,,,,616,233.5802,236.72,,,
,,,,,,,,,617,244.016,242.825,,,
,,,,,,,,,618,233.17,242.825,,,
,,,,,,,,,619,239.0262,248.965,,,
,,,,,,,,,620,258.3418,256.15,,,
,,,,,,,,,621,258.4072,249.86,,,
,,,,,,,,,622,238.6574,243.27,,,
,,,,,,,,,623,256.5714,257.17,,,
,,,,,,,,,624,254.4256,250.07,,,
,,,,,,,,,625,234.529,243.27,,,
,,,,,,,,,626,240.643,236.925,,,
,,,,,,,,,627,245.8252,250.73,,,
,,,,,,,,,628,254.8008,250.31,,,
,,,,,,,,,629,244.9438,226.755,,,
,,,,,,,,,630,237.1356,249.86,,,
,,,,,,,,,631,233.5846,228.075,,,
,,,,,,,,,632,230.8992,219.56,,,
,,,,,,,,,633,239.3524,219.85,,,
,,,,,,,,,634,241.7378,226.87,,,
,,,,,,,,,635,223.2428,229.28,,,
,,,,,,,,,636,254.6312,250.52,,,
,,,,,,,,,637,248.1668,233,,,
,,,,,,,,,638,239.3298,233,,,
,,,,,,,,,639,252.8202,262.695,,,
,,,,,,,,,640,241.8848,248.52,,,
,,,,,,,,,641,249.6344,248.965,,,
,,,,,,,,,642,241.8822,228.075,,,
,,,,,,,,,643,259.244,249.41,,,
,,,,,,,,,644,240.4312,231.795,,,
,,,,,,,,,645,236.7374,227.96,,,
,,,,,,,,,646,233.6716,217.32,,,
,,,,,,,,,647,230.4714,222.905,,,
,,,,,,,,,648,235.1494,231.795,,,
,,,,,,,,,649,230.9298,236.72,,,
,,,,,,,,,650,255.7716,256.15,,,
,,,,,,,,,651,239.586,237.13,,,
,,,,,,,,,652,238.0136,249.86,,,
,,,,,,,,,653,241.7472,250.31,,,
,,,,,,,,,654,239.9574,229.28,,,
,,,,,,,,,655,252.031,249.41,,,
,,,,,,,,,656,242.681,249.41,,,
,,,,,,,,,657,225.0204,233,,,
,,,,,,,,,658,240.3728,229.28,,,
,,,,,,,,,659,224.1816,219.56,,,
,,,,,,,,,660,252.6054,250.52,,,
,,,,,,,,,661,239.2872,227.96,,,
,,,,,,,,,662,239.1742,228.075,,,
,,,,,,,,,663,247.1774,224.11,,,
,,,,,,,,,664,246.9716,233.205,,,
,,,,,,,,,665,257.2488,250.31,,,
,,,,,,,,,666,233.3328,226.87,,,
,,,,,,,,,667,242.3196,243.27,,,
,,,,,,,,,668,238.5594,229.28,,,
,,,,,,,,,669,223.8398,227.96,,,
,,,,,,,,,670,244.7336,248.965,,,
,,,,,,,,,671,249.1952,233,,,
,,,,,,,,,672,227.0414,220.76,,,
,,,,,,,,,673,242.5006,243.72,,,
,,,,,,,,,674,227.2558,229.28,,,
,,,,,,,,,675,254.9142,253.44,,,
,,,,,,,,,676,229.5154,236.72,,,
,,,,,,,,,677,229.8994,249.86,,,
,,,,,,,,,678,240.1158,236.925,,,
,,,,,,,,,679,256.3444,257.17,,,
,,,,,,,,,680,238.5738,236.72,,,
,,,,,,,,,681,241.555,249.625,,,
,,,,,,,,,682,238.7856,236.72,,,
,,,,,,,,,683,243.9794,233,,,
,,,,,,,,,684,232.4256,233,,,
,,,,,,,,,685,242.8772,236.925,,,
,,,,,,,,,686,233.951,232,,,
,,,,,,,,,687,241.1846,242.825,,,
,,,,,,,,,688,226.7786,226.64,,,
,,,,,,,,,689,251.9578,250.31,,,
,,,,,,,,,690,240.1938,226.87,,,
,,,,,,,,,691,249.1146,236.925,,,
,,,,,,,,,692,258.03,256.15,,,
,,,,,,,,,693,241.1826,226.87,,,
,,,,,,,,,694,241.466,242.825,,,
,,,,,,,,,695,239.8046,233.205,,,
,,,,,,,,,696,226.23,223.815,,,
,,,,,,,,,697,248.8698,223.7,,,
,,,,,,,,,698,251.109,226.87,,,
,,,,,,,,,699,244.3622,236.72,,,
,,,,,,,,,700,234.4284,228.075,,,
,,,,,,,,,701,223.2676,216.28,,,
,,,,,,,,,702,255.0892,253.23,,,
,,,,,,,,,703,258.3428,256.15,,,
,,,,,,,,,704,249.167,250.52,,,
,,,,,,,,,705,240.3062,248.965,,,
,,,,,,,,,706,242.747,250.07,,,
,,,,,,,,,707,247.2688,248.965,,,
,,,,,,,,,708,236.0428,242.825,,,
,,,,,,,,,709,250.1374,242.825,,,
,,,,,,,,,710,219.532,218.36,,,
,,,,,,,,,711,236.6762,236.72,,,
,,,,,,,,,712,244.237,233.205,,,
,,,,,,,,,713,261.1988,262.695,,,
,,,,,,,,,714,239.6578,233.205,,,
,,,,,,,,,715,262.9444,254.46,,,
,,,,,,,,,716,232.0466,223.7,,,
,,,,,,,,,717,244.1558,231.795,,,
,,,,,,,,,718,265.2288,253.44,,,
,,,,,,,,,719,225.4544,219.56,,,
,,,,,,,,,720,247.8816,242.62,,,
,,,,,,,,,721,241.2088,257.17,,,
,,,,,,,,,722,236.0736,228.075,,,
,,,,,,,,,723,249.947,242.825,,,
,,,,,,,,,724,242.456,231.795,,,
,,,,,,,,,725,231.0762,225.02,,,
,,,,,,,,,726,238.3998,231.68,,,
,,,,,,,,,727,233.6104,228.075,,,
,,,,,,,,,728,248.9698,242.825,,,
,,,,,,,,,729,248.3974,249.41,,,
,,,,,,,,,730,248.4318,248.965,,,
,,,,,,,,,731,222.479,218.94,,,
,,,,,,,,,732,244.7216,256.15,,,
,,,,,,,,,733,247.7728,257.17,,,
,,,,,,,,,734,242.2398,236.925,,,
,,,,,,,,,735,249.3276,249.415,,,
,,,,,,,,,736,241.221,236.925,,,
,,,,,,,,,737,240.996,233,,,
,,,,,,,,,738,239.1942,243.93,,,
,,,,,,,,,739,253.0518,236.925,,,
,,,,,,,,,740,247.4138,233,,,
,,,,,,,,,741,252.5438,249.41,,,
,,,,,,,,,742,252.4098,258.965,,,
,,,,,,,,,743,250.824,250.52,,,
,,,,,,,,,744,238.1094,228.075,,,
,,,,,,,,,745,244.6502,249.86,,,
,,,,,,,,,746,235.5074,248.965,,,
,,,,,,,,,747,231.0408,226.64,,,
,,,,,,,,,748,239.6396,231.795,,,
,,,,,,,,,749,231.8676,223.7,,,
,,,,,,,,,750,243.6606,243.065,,,
,,,,,,,,,751,239.0656,237.13,,,
,,,,,,,,,752,256.318,267.2,,,
,,,,,,,,,753,231.7268,223.7,,,
,,,,,,,,,754,254.4394,250.73,,,
,,,,,,,,,755,225.0628,223.7,,,
,,,,,,,,,756,226.7474,227.96,,,
,,,,,,,,,757,255.5464,233.205,,,
,,,,,,,,,758,246.4132,242.825,,,
,,,,,,,,,759,252.0794,256.15,,,
,,,,,,,,,760,230.561,228.075,,,
,,,,,,,,,761,254.7256,250.52,,,
,,,,,,,,,762,259.084,258.965,,,
,,,,,,,,,763,247.5128,237.13,,,
,,,,,,,,,764,234.2996,223.7,,,
,,,,,,,,,765,244.9238,248.52,,,
,,,,,,,,,766,251.5596,256.15,,,
,,,,,,,,,767,223.0562,222.79,,,
,,,,,,,,,768,243.616,236.925,,,
,,,,,,,,,769,237.307,233,,,
,,,,,,,,,770,243.4296,246.435,,,
,,,,,,,,,771,258.9186,252.78,,,
,,,,,,,,,772,247.3048,249.415,,,
,,,,,,,,,773,233.9852,238.025,,,
,,,,,,,,,774,234.7762,226.64,,,
,,,,,,,,,775,242.4044,249.41,,,
,,,,,,,,,776,240.3514,236.925,,,
,,,,,,,,,777,247.862,233,,,
,,,,,,,,,778,223.2396,222.905,,,
,,,,,,,,,779,249.8856,250.31,,,
,,,,,,,,,780,269.3636,272.42,,,
,,,,,,,,,781,263.3378,257.17,,,
,,,,,,,,,782,242.4716,249.86,,,
,,,,,,,,,783,232.451,221.46,,,
,,,,,,,,,784,241.4598,229.28,,,
,,,,,,,,,785,245.0278,237.13,,,
,,,,,,,,,786,246.993,236.72,,,
,,,,,,,,,787,260.3544,256.15,,,
,,,,,,,,,788,238.9226,220.76,,,
,,,,,,,,,789,253.698,248.965,,,
,,,,,,,,,790,213.863,215.835,,,
,,,,,,,,,791,254.0646,250.73,,,
,,,,,,,,,792,228.6824,228.075,,,
,,,,,,,,,793,233.5556,236.925,,,
,,,,,,,,,794,231.714,242.825,,,
,,,,,,,,,795,243.4686,248.52,,,
,,,,,,,,,796,243.8044,249.41,,,
,,,,,,,,,797,232.9424,233,,,
,,,,,,,,,798,233.8156,236.925,,,
,,,,,,,,,799,243.5978,249.86,,,
,,,,,,,,,800,245.9934,233,,,
,,,,,,,,,801,238.8564,226.755,,,
,,,,,,,,,802,253.4398,249.86,,,
,,,,,,,,,803,261.1874,256.15,,,
,,,,,,,,,804,231.321,229.28,,,
,,,,,,,,,805,230.523,232,,,
,,,,,,,,,806,246.7236,231.885,,,
,,,,,,,,,807,238.677,226.755,,,
,,,,,,,,,808,244.8578,242.825,,,
,,,,,,,,,809,244.7606,249.86,,,
,,,,,,,,,810,243.9088,228.075,,,
,,,,,,,,,811,262.9976,257.17,,,
,,,,,,,,,812,252.4554,249.41,,,
,,,,,,,,,813,225.4912,218.52,,,
,,,,,,,,,814,248.0994,249.86,,,
,,,,,,,,,815,242.7612,249.625,,,
,,,,,,,,,816,257.4608,254.46,,,
,,,,,,,,,817,239.2228,224.11,,,
,,,,,,,,,818,231.9268,223.7,,,
,,,,,,,,,819,234.2196,220.76,,,
,,,,,,,,,820,249.711,242.825,,,
,,,,,,,,,821,233.773,226.87,,,
,,,,,,,,,822,239.478,226.755,,,
,,,,,,,,,823,242.7642,249.41,,,
,,,,,,,,,824,229.3336,226.87,,,
,,,,,,,,,825,247.2332,242.825,,,
,,,,,,,,,826,249.8918,243.27,,,
,,,,,,,,,827,247.8404,243.27,,,
,,,,,,,,,828,252.561,250.73,,,
,,,,,,,,,829,248.2356,248.52,,,
,,,,,,,,,830,248.4124,236.925,,,
,,,,,,,,,831,235.5842,226.755,,,
,,,,,,,,,832,229.3778,228.075,,,
,,,,,,,,,833,231.4092,229.28,,,
,,,,,,,,,834,225.1786,218.075,,,
,,,,,,,,,835,243.5196,236.925,,,
,,,,,,,,,836,244.9434,249.41,,,
,,,,,,,,,837,232.1258,223.7,,,
,,,,,,,,,838,253.8334,250.52,,,
,,,,,,,,,839,241.5002,228.075,,,
,,,,,,,,,840,238.8826,242.825,,,
,,,,,,,,,841,256.773,249.41,,,
,,,,,,,,,842,250.2652,249.86,,,
,,,,,,,,,843,239.6606,218.65,,,
,,,,,,,,,844,232.1524,233.205,,,
,,,,,,,,,845,258.8678,250.31,,,
,,,,,,,,,846,255.3314,250.73,,,
,,,,,,,,,847,210.208,210.53,,,
,,,,,,,,,848,252.8282,249.86,,,
,,,,,,,,,849,232.6862,233,,,
,,,,,,,,,850,234.7356,237.13,,,
,,,,,,,,,851,252.0546,256.15,,,
,,,,,,,,,852,235.6862,231.795,,,
,,,,,,,,,853,239.5034,250.31,,,
,,,,,,,,,854,242.8156,243.065,,,
,,,,,,,,,855,255.7426,249.86,,,
,,,,,,,,,856,233.7508,223.7,,,
,,,,,,,,,857,240.4948,233,,,
,,,,,,,,,858,254.3628,257.17,,,
,,,,,,,,,859,247.3916,236.72,,,
,,,,,,,,,860,248.069,226.755,,,
,,,,,,,,,861,236.204,231.885,,,
,,,,,,,,,862,257.2568,262.695,,,
,,,,,,,,,863,244.7754,248.965,,,
,,,,,,,,,864,256.3616,250.31,,,
,,,,,,,,,865,240.8632,242.825,,,
,,,,,,,,,866,254.0882,249.86,,,
,,,,,,,,,867,248.0018,236.72,,,
,,,,,,,,,868,245.7472,236.925,,,
,,,,,,,,,869,237.0304,242.825,,,
,,,,,,,,,870,243.7108,237.13,,,
,,,,,,,,,871,257.281,249.86,,,
,,,,,,,,,872,232.6738,223.7,,,
,,,,,,,,,873,248.06,254.25,,,
,,,,,,,,,874,257.396,250.73,,,
,,,,,,,,,875,238.2514,228.075,,,
,,,,,,,,,876,244.1642,236.72,,,
,,,,,,,,,877,243.4826,242.825,,,
,,,,,,,,,878,230.2396,229.28,,,
,,,,,,,,,879,241.053,231.795,,,
,,,,,,,,,880,239.816,229.28,,,
,,,,,,,,,881,245.1864,243.065,,,
,,,,,,,,,882,251.044,237.13,,,
,,,,,,,,,883,227.6542,222.79,,,
,,,,,,,,,884,236.6734,226.87,,,
,,,,,,,,,885,244.2618,248.965,,,
,,,,,,,,,886,249.7764,248.965,,,
,,,,,,,,,887,225.4174,200.645,,,
,,,,,,,,,888,241.0994,248.965,,,
,,,,,,,,,889,252.932,250.52,,,
,,,,,,,,,890,212.97,220.76,,,
,,,,,,,,,891,252.4428,250.07,,,
,,,,,,,,,892,235.6722,226.87,,,
,,,,,,,,,893,261.5904,250.07,,,
,,,,,,,,,894,239.9436,228.075,,,
,,,,,,,,,895,244.094,248.52,,,
,,,,,,,,,896,229.3204,228.075,,,
,,,,,,,,,897,235.1796,229.28,,,
,,,,,,,,,898,249.5766,253.44,,,
,,,,,,,,,899,244.7104,236.925,,,
,,,,,,,,,900,251.4876,242.825,,,
,,,,,,,,,901,236.7154,228.075,,,
,,,,,,,,,902,252.9196,250.07,,,
,,,,,,,,,903,232.0894,220.76,,,
,,,,,,,,,904,248.978,248.52,,,
,,,,,,,,,905,267.8258,277.64,,,
,,,,,,,,,906,249.6534,233,,,
,,,,,,,,,907,253.7798,253.44,,,
,,,,,,,,,908,229.2144,233,,,
,,,,,,,,,909,238.3966,226.64,,,
,,,,,,,,,910,246.0924,236.72,,,
,,,,,,,,,911,231.7504,218.94,,,
,,,,,,,,,912,240.6092,226.755,,,
,,,,,,,,,913,231.0976,231.795,,,
,,,,,,,,,914,256.3918,250.31,,,
,,,,,,,,,915,238.2252,238.9,,,
,,,,,,,,,916,238.9692,236.925,,,
,,,,,,,,,917,231.5624,227.96,,,
,,,,,,,,,918,223.8164,229.28,,,
,,,,,,,,,919,233.2672,218.65,,,
,,,,,,,,,920,249.9006,250.73,,,
,,,,,,,,,921,230.9666,220.76,,,
,,,,,,,,,922,235.457,223.815,,,
,,,,,,,,,923,241.6018,223.7,,,
,,,,,,,,,924,227.7226,229.28,,,
,,,,,,,,,925,261.5584,272.195,,,
,,,,,,,,,926,255.8044,248.965,,,
,,,,,,,,,927,247.5642,236.72,,,
,,,,,,,,,928,249.0076,249.86,,,
,,,,,,,,,929,235.0938,228.075,,,
,,,,,,,,,930,248.7556,248.965,,,
,,,,,,,,,931,231.6164,220.76,,,
,,,,,,,,,932,253.4082,253.44,,,
,,,,,,,,,933,247.866,249.41,,,
,,,,,,,,,934,231.3704,223.815,,,
,,,,,,,,,935,230.6528,229.28,,,
,,,,,,,,,936,253.2538,238.59,,,
,,,,,,,,,937,240.8912,233,,,
,,,,,,,,,938,250.2922,250.31,,,
,,,,,,,,,939,234.6108,231.795,,,
,,,,,,,,,940,252.7106,249.86,,,
,,,,,,,,,941,261.5274,250.31,,,
,,,,,,,,,942,250.4428,257.86,,,
,,,,,,,,,943,241.684,249.625,,,
,,,,,,,,,944,238.4324,226.64,,,
,,,,,,,,,945,242.3094,222.905,,,
,,,,,,,,,946,238.0844,232,,,
,,,,,,,,,947,240.8262,248.52,,,
,,,,,,,,,948,230.9028,223.815,,,
,,,,,,,,,949,234.849,226.87,,,
,,,,,,,,,950,252.7674,243.27,,,
,,,,,,,,,951,232.035,229.28,,,
,,,,,,,,,952,248.641,250.31,,,
,,,,,,,,,953,255.798,257.17,,,
,,,,,,,,,954,256.8948,249.86,,,
,,,,,,,,,955,236.1788,226.755,,,
,,,,,,,,,956,242.8714,233,,,
,,,,,,,,,957,232.1222,222.79,,,
,,,,,,,,,958,242.6768,226.87,,,
,,,,,,,,,959,246.2216,249.86,,,
,,,,,,,,,960,239.7494,223.815,,,
,,,,,,,,,961,229.0956,233.205,,,
,,,,,,,,,962,232.0518,223.7,,,
,,,,,,,,,963,264.4328,248.52,,,
,,,,,,,,,964,243.271,243.27,,,
,,,,,,,,,965,237.8268,222.905,,,
,,,,,,,,,966,259.7346,257.17,,,
,,,,,,,,,967,248.8988,254.46,,,
,,,,,,,,,968,242.56,226.755,,,
,,,,,,,,,969,252.4748,242.62,,,
,,,,,,,,,970,255.636,250.52,,,
,,,,,,,,,971,239.067,236.72,,,
,,,,,,,,,972,231.0912,219.85,,,
,,,,,,,,,973,252.524,248.965,,,
,,,,,,,,,974,235.4636,222.5,,,
,,,,,,,,,975,222.1902,223.7,,,
,,,,,,,,,976,248.41,231.795,,,
,,,,,,,,,977,237.7356,226.755,,,
,,,,,,,,,978,252.84,250.52,,,
,,,,,,,,,979,250.8138,248.52,,,
,,,,,,,,,980,234.985,226.64,,,
,,,,,,,,,981,226.3676,215.835,,,
,,,,,,,,,982,250.3858,249.86,,,
,,,,,,,,,983,252.4456,243.27,,,
,,,,,,,,,984,234.6938,226.755,,,
,,,,,,,,,985,258.5246,258.19,,,
,,,,,,,,,986,261.2904,267.2,,,
,,,,,,,,,987,254.7774,272.195,,,
,,,,,,,,,988,253.8702,226.64,,,
,,,,,,,,,989,233.044,233,,,
,,,,,,,,,990,251.869,256.15,,,
,,,,,,,,,991,244.194,237.13,,,
,,,,,,,,,992,242.9124,227.83,,,
,,,,,,,,,993,251.8752,249.41,,,
,,,,,,,,,994,240.2506,238.9,,,
,,,,,,,,,995,251.7234,249.86,,,
,,,,,,,,,996,249.487,226.87,,,
,,,,,,,,,997,245.2464,250.73,,,
,,,,,,,,,998,244.5016,237.13,,,
,,,,,,,,,999,243.9172,236.925,,,
,,,,,,,,,1000,245.8632,237.13,,,
,,,,,,,,,1001,238.2734,223.7,,,